<?xml version="1.0" encoding="UTF-8"?>
<project-private xmlns="http://www.netbeans.org/ns/project-private/1">
    <editor-bookmarks xmlns="http://www.netbeans.org/ns/editor-bookmarks/2" lastBookmarkId="0"/>
    <open-files xmlns="http://www.netbeans.org/ns/projectui-open-files/2">
        <group>
            <file>file:/C:/xampp/htdocs/MAINPROJ/artist.php</file>
            <file>file:/C:/xampp/htdocs/MAINPROJ/album.php</file>
            <file>file:/C:/xampp/htdocs/MAINPROJ/stylesheet.css</file>
            <file>file:/C:/xampp/htdocs/MAINPROJ/arts.php</file>
            <file>file:/C:/xampp/htdocs/MAINPROJ/index.php</file>
            <file>file:/C:/xampp/htdocs/MAINPROJ/user.php</file>
            <file>file:/C:/xampp/htdocs/MAINPROJ/det.php</file>
            <file>file:/C:/xampp/htdocs/MAINPROJ/addsong.php</file>
            <file>file:/C:/xampp/htdocs/MAINPROJ/style.css</file>
            <file>file:/C:/xampp/htdocs/MAINPROJ/register.php</file>
            <file>file:/C:/xampp/htdocs/MAINPROJ/addawards.php</file>
            <file>file:/C:/xampp/htdocs/MAINPROJ/albums.php</file>
            <file>file:/C:/xampp/htdocs/MAINPROJ/albs.php</file>
            <file>file:/C:/xampp/htdocs/MAINPROJ/addalbs.php</file>
            <file>file:/C:/xampp/htdocs/MAINPROJ/adddet.php</file>
            <file>file:/C:/xampp/htdocs/MAINPROJ/message.php</file>
            <file>file:/C:/xampp/htdocs/MAINPROJ/sngs.php</file>
            <file>file:/C:/xampp/htdocs/MAINPROJ/msg.php</file>
        </group>
    </open-files>
</project-private>
